p_greet,p_wave,trough,tiny,overfull,passive,meansize,fis,fus,conn14,conn30,med_days,exh_occ,exh_lur,exh_act,tm_expo,excl,gang_win,paid
0.0,0.2,0.927,0.03,0.043,0.308,19.267,1.95,0.197,0.017,0.144,47.833,0.016,0.247,0.0,0.361,7.333,0.85,0.399
0.0,0.35,0.92,0.029,0.051,0.303,19.7,1.83,0.113,0.029,0.212,39.5,0.03,0.231,0.0,0.354,6.333,0.958,0.395
0.0,0.6,0.925,0.026,0.048,0.314,19.7,1.883,0.197,0.033,0.306,32.0,0.035,0.253,0.0,0.347,6.333,1.0,0.403
0.12,0.2,0.933,0.025,0.043,0.304,19.6,1.923,0.197,0.066,0.257,34.333,0.022,0.237,0.0,0.339,5.333,1.0,0.392
0.12,0.35,0.926,0.03,0.044,0.302,19.767,1.963,0.113,0.089,0.373,29.0,0.025,0.244,0.0,0.332,3.667,1.0,0.387
0.12,0.6,0.935,0.023,0.042,0.306,19.267,1.757,0.137,0.137,0.501,26.0,0.022,0.263,0.0,0.302,6.333,1.0,0.394
0.3,0.2,0.94,0.019,0.041,0.308,19.9,1.85,0.173,0.086,0.317,31.5,0.015,0.222,0.0,0.302,4.667,1.0,0.396
0.3,0.35,0.937,0.019,0.044,0.302,20.3,1.957,0.233,0.188,0.501,25.0,0.023,0.243,0.0,0.353,4.0,0.944,0.39
0.3,0.6,0.936,0.023,0.041,0.31,20.5,1.86,0.143,0.22,0.605,22.0,0.028,0.237,0.0,0.311,1.333,1.0,0.394
0.5,0.2,0.939,0.018,0.044,0.302,20.2,1.997,0.087,0.139,0.424,26.333,0.018,0.225,0.0,0.311,1.333,1.0,0.385
0.5,0.35,0.937,0.027,0.036,0.302,19.567,1.81,0.14,0.267,0.597,21.0,0.021,0.251,0.0,0.304,4.0,0.944,0.383
0.5,0.6,0.929,0.027,0.044,0.305,20.267,1.767,0.053,0.332,0.726,19.167,0.026,0.233,0.0,0.301,4.0,0.889,0.387
