w_min,w_small,w_big,trough,tiny,overfull,passive,meansize,fis,fus,conn14,conn30,med_days,exh_occ,exh_lur,exh_act,tm_expo,excl,gang_win,paid
0.15,0.75,1.5,0.912,0.044,0.044,0.314,18.533,1.58,0.053,0.146,0.475,23.833,0.0,0.022,0.0,0.321,5.333,nan,0.405
0.15,0.75,3.0,0.916,0.049,0.035,0.318,17.967,1.693,0.103,0.171,0.499,25.333,0.0,0.018,0.0,0.359,13.0,0.952,0.411
0.15,0.75,6.0,0.919,0.047,0.034,0.317,18.467,1.85,0.13,0.141,0.489,25.5,0.0,0.024,0.0,0.351,6.0,1.0,0.408
0.15,1.5,1.5,0.927,0.031,0.042,0.313,19.7,1.713,0.137,0.169,0.509,26.5,0.007,0.066,0.0,0.379,4.0,1.0,0.401
0.15,1.5,3.0,0.926,0.037,0.038,0.309,19.233,1.843,0.133,0.197,0.534,24.333,0.001,0.067,0.0,0.297,5.667,1.0,0.393
0.15,1.5,6.0,0.942,0.029,0.029,0.314,19.633,1.927,0.083,0.185,0.526,24.667,0.005,0.054,0.0,0.296,7.0,1.0,0.397
0.15,3.0,1.5,0.929,0.028,0.043,0.311,20.033,1.84,0.14,0.146,0.495,25.333,0.026,0.101,0.0,0.288,5.0,1.0,0.385
0.15,3.0,3.0,0.94,0.02,0.04,0.313,20.767,2.143,0.113,0.163,0.511,25.333,0.02,0.086,0.0,0.274,4.667,0.889,0.388
0.15,3.0,6.0,0.954,0.019,0.028,0.308,20.267,1.987,0.06,0.148,0.51,25.333,0.023,0.103,0.0,0.38,5.667,0.952,0.385
0.25,0.75,1.5,0.918,0.039,0.043,0.298,18.567,1.61,0.133,0.168,0.475,27.5,0.009,0.241,0.0,0.284,6.0,1.0,0.389
0.25,0.75,3.0,0.913,0.04,0.048,0.306,18.567,1.803,0.27,0.155,0.484,26.667,0.012,0.225,0.0,0.298,4.667,0.972,0.395
0.25,0.75,6.0,0.927,0.039,0.035,0.302,18.033,1.793,0.077,0.163,0.437,26.0,0.015,0.233,0.0,0.333,5.667,1.0,0.389
0.25,1.5,1.5,0.929,0.023,0.048,0.302,20.567,1.817,0.297,0.144,0.474,25.667,0.025,0.251,0.0,0.29,3.0,1.0,0.39
0.25,1.5,3.0,0.937,0.019,0.044,0.302,20.3,1.957,0.233,0.188,0.501,25.0,0.023,0.243,0.0,0.353,4.0,0.944,0.39
0.25,1.5,6.0,0.938,0.025,0.038,0.299,20.2,2.067,0.163,0.181,0.469,25.333,0.019,0.249,0.0,0.295,4.333,1.0,0.383
0.25,3.0,1.5,0.922,0.014,0.063,0.305,21.1,1.977,0.21,0.165,0.486,26.5,0.035,0.255,0.0,0.365,4.333,0.852,0.381
0.25,3.0,3.0,0.937,0.018,0.045,0.303,20.933,2.007,0.153,0.162,0.531,24.833,0.058,0.257,0.0,0.302,3.0,1.0,0.38
0.25,3.0,6.0,0.948,0.016,0.036,0.303,20.567,1.943,0.09,0.167,0.495,25.167,0.049,0.269,0.0,0.372,4.333,0.905,0.381
0.4,0.75,1.5,0.894,0.031,0.075,0.261,18.833,1.75,0.203,0.155,0.494,25.667,0.087,0.77,0.0,0.35,4.667,1.0,0.345
0.4,0.75,3.0,0.913,0.029,0.058,0.261,18.6,2.047,0.083,0.166,0.481,26.333,0.087,0.766,0.0,0.327,7.667,0.857,0.346
0.4,0.75,6.0,0.921,0.035,0.044,0.259,18.9,2.05,0.277,0.156,0.48,26.167,0.076,0.729,0.0,0.338,4.0,1.0,0.344
0.4,1.5,1.5,0.9,0.025,0.075,0.254,19.533,1.943,0.233,0.144,0.46,26.333,0.09,0.779,0.0,0.393,5.333,0.875,0.335
0.4,1.5,3.0,0.909,0.029,0.062,0.257,19.167,1.797,0.213,0.157,0.46,26.667,0.083,0.744,0.0,0.282,4.0,1.0,0.34
0.4,1.5,6.0,0.926,0.026,0.048,0.261,19.267,2.067,0.15,0.143,0.474,25.0,0.12,0.747,0.0,0.3,4.667,1.0,0.343
0.4,3.0,1.5,0.897,0.023,0.08,0.255,20.367,2.123,0.187,0.12,0.428,28.5,0.114,0.803,0.0,0.354,4.333,1.0,0.33
0.4,3.0,3.0,0.915,0.023,0.062,0.251,20.233,2.22,0.23,0.139,0.474,26.5,0.118,0.735,0.0,0.432,6.0,0.778,0.322
0.4,3.0,6.0,0.926,0.023,0.051,0.258,20.233,2.203,0.183,0.166,0.49,25.333,0.129,0.726,0.0,0.315,5.0,0.886,0.336
