R,C,trough,tiny,overfull,passive,meansize,fis,fus,conn14,conn30,med_days,exh_occ,exh_lur,exh_act,tm_expo,excl,gang_win,paid
0.5,5.0,0.913,0.025,0.062,0.216,19.033,2.053,0.25,0.133,0.464,26.333,0.161,0.852,0.0,0.341,8.667,0.963,0.288
0.5,10.0,0.891,0.035,0.074,0.229,18.267,1.797,0.21,0.147,0.472,25.667,0.109,0.827,0.0,0.315,5.333,1.0,0.304
0.5,20.0,0.9,0.036,0.064,0.235,18.667,2.063,0.267,0.153,0.483,25.333,0.099,0.726,0.0,0.296,3.667,1.0,0.31
0.75,5.0,0.933,0.015,0.051,0.275,20.8,2.11,0.183,0.162,0.476,26.167,0.081,0.514,0.0,0.252,2.333,0.933,0.36
0.75,10.0,0.925,0.022,0.052,0.284,20.0,2.03,0.147,0.181,0.515,24.0,0.054,0.415,0.0,0.315,3.333,1.0,0.366
0.75,20.0,0.924,0.027,0.05,0.28,19.5,2.023,0.117,0.161,0.433,26.333,0.04,0.404,0.0,0.286,6.0,1.0,0.362
1.0,5.0,0.926,0.022,0.051,0.298,20.633,1.913,0.23,0.138,0.468,26.667,0.042,0.277,0.0,0.31,2.667,1.0,0.381
1.0,10.0,0.937,0.019,0.044,0.302,20.3,1.957,0.233,0.188,0.501,25.0,0.023,0.243,0.0,0.353,4.0,0.944,0.39
1.0,20.0,0.924,0.029,0.046,0.304,19.7,1.82,0.11,0.18,0.476,25.0,0.023,0.209,0.0,0.372,6.333,0.952,0.389
1.5,5.0,0.925,0.03,0.046,0.312,19.667,1.887,0.167,0.168,0.459,26.667,0.008,0.075,0.0,0.333,4.333,1.0,0.402
1.5,10.0,0.912,0.039,0.049,0.313,18.667,1.757,0.18,0.148,0.458,27.0,0.008,0.08,0.0,0.277,7.333,0.933,0.397
1.5,20.0,0.921,0.037,0.042,0.313,18.833,1.8,0.183,0.164,0.477,25.5,0.001,0.048,0.0,0.275,5.667,1.0,0.402
