p_follow_block,c_fork,fork_cooldown,trough,tiny,overfull,passive,meansize,fis,fus,conn14,conn30,med_days,exh_occ,exh_lur,exh_act,tm_expo,excl,gang_win,paid
0.0,0.0,7,0.925,0.023,0.052,0.304,20.1,1.867,0.207,0.142,0.464,26.667,0.018,0.255,0.0,0.348,4.667,1.0,0.388
0.0,0.0,14,0.925,0.023,0.052,0.304,20.1,1.867,0.207,0.142,0.464,26.667,0.018,0.255,0.0,0.348,4.667,1.0,0.388
0.0,0.0,28,0.928,0.022,0.049,0.301,20.367,1.843,0.297,0.167,0.507,24.0,0.019,0.278,0.0,0.338,2.667,1.0,0.385
0.0,2.0,7,0.925,0.023,0.052,0.304,20.1,1.867,0.207,0.142,0.464,26.667,0.018,0.255,0.0,0.348,4.667,1.0,0.388
0.0,2.0,14,0.925,0.023,0.052,0.304,20.1,1.867,0.207,0.142,0.464,26.667,0.018,0.255,0.0,0.348,4.667,1.0,0.388
0.0,2.0,28,0.928,0.022,0.049,0.301,20.367,1.843,0.297,0.167,0.507,24.0,0.019,0.278,0.0,0.338,2.667,1.0,0.385
0.0,5.0,7,0.925,0.023,0.052,0.304,20.1,1.867,0.207,0.142,0.464,26.667,0.018,0.255,0.0,0.348,4.667,1.0,0.388
0.0,5.0,14,0.925,0.023,0.052,0.304,20.1,1.867,0.207,0.142,0.464,26.667,0.018,0.255,0.0,0.348,4.667,1.0,0.388
0.0,5.0,28,0.928,0.022,0.049,0.301,20.367,1.843,0.297,0.167,0.507,24.0,0.019,0.278,0.0,0.338,2.667,1.0,0.385
0.08,0.0,7,0.937,0.019,0.044,0.302,20.3,1.957,0.203,0.188,0.501,25.0,0.021,0.243,0.0,0.353,4.0,0.944,0.39
0.08,0.0,14,0.937,0.019,0.044,0.302,20.3,1.957,0.203,0.188,0.501,25.0,0.021,0.243,0.0,0.353,4.0,0.944,0.39
0.08,0.0,28,0.93,0.019,0.051,0.3,20.8,1.91,0.21,0.184,0.489,25.667,0.021,0.239,0.0,0.343,2.0,0.944,0.387
0.08,2.0,7,0.937,0.019,0.044,0.302,20.3,1.957,0.233,0.188,0.501,25.0,0.023,0.243,0.0,0.353,4.0,0.944,0.39
0.08,2.0,14,0.937,0.019,0.044,0.302,20.3,1.957,0.233,0.188,0.501,25.0,0.023,0.243,0.0,0.353,4.0,0.944,0.39
0.08,2.0,28,0.93,0.019,0.051,0.3,20.8,1.91,0.21,0.184,0.489,25.667,0.021,0.239,0.0,0.343,2.0,0.944,0.387
0.08,5.0,7,0.941,0.019,0.04,0.303,20.333,2.017,0.203,0.172,0.506,25.333,0.023,0.245,0.0,0.358,3.667,0.944,0.39
0.08,5.0,14,0.941,0.019,0.04,0.303,20.333,2.017,0.203,0.172,0.506,25.333,0.023,0.245,0.0,0.358,3.667,0.944,0.39
0.08,5.0,28,0.93,0.019,0.051,0.3,20.8,1.91,0.21,0.184,0.489,25.667,0.021,0.239,0.0,0.343,2.0,0.944,0.387
0.2,0.0,7,0.929,0.024,0.047,0.303,19.867,1.867,0.143,0.175,0.499,26.0,0.026,0.263,0.0,0.357,4.333,0.956,0.389
0.2,0.0,14,0.929,0.024,0.047,0.303,19.867,1.867,0.143,0.175,0.499,26.0,0.026,0.263,0.0,0.357,4.333,0.956,0.389
0.2,0.0,28,0.934,0.021,0.045,0.3,19.9,1.713,0.23,0.14,0.486,26.333,0.019,0.26,0.0,0.362,5.333,0.933,0.387
0.2,2.0,7,0.929,0.024,0.047,0.303,19.867,1.867,0.143,0.175,0.499,26.0,0.026,0.263,0.0,0.357,4.333,0.956,0.389
0.2,2.0,14,0.929,0.024,0.047,0.303,19.867,1.867,0.143,0.175,0.499,26.0,0.026,0.263,0.0,0.357,4.333,0.956,0.389
0.2,2.0,28,0.934,0.021,0.045,0.3,19.9,1.713,0.23,0.14,0.486,26.333,0.019,0.26,0.0,0.362,5.333,0.933,0.387
0.2,5.0,7,0.932,0.024,0.044,0.302,19.733,1.807,0.083,0.166,0.501,25.0,0.022,0.279,0.0,0.359,5.0,0.97,0.387
0.2,5.0,14,0.932,0.024,0.044,0.302,19.733,1.807,0.083,0.166,0.501,25.0,0.022,0.279,0.0,0.359,5.0,0.97,0.387
0.2,5.0,28,0.935,0.021,0.044,0.3,19.933,1.687,0.2,0.139,0.486,26.333,0.019,0.263,0.0,0.363,4.333,0.933,0.387
0.4,0.0,7,0.936,0.021,0.043,0.302,20.033,1.9,0.087,0.189,0.516,25.0,0.023,0.257,0.0,0.344,4.333,0.46,0.39
0.4,0.0,14,0.936,0.021,0.043,0.302,20.033,1.9,0.087,0.189,0.516,25.0,0.023,0.257,0.0,0.344,4.333,0.46,0.39
0.4,0.0,28,0.937,0.022,0.041,0.301,19.867,1.763,0.083,0.176,0.489,25.333,0.016,0.265,0.0,0.36,4.0,0.471,0.387
0.4,2.0,7,0.936,0.021,0.043,0.302,20.033,1.9,0.087,0.189,0.516,25.0,0.023,0.257,0.0,0.344,4.333,0.46,0.39
0.4,2.0,14,0.936,0.021,0.043,0.302,20.033,1.9,0.087,0.189,0.516,25.0,0.023,0.257,0.0,0.344,4.333,0.46,0.39
0.4,2.0,28,0.937,0.022,0.041,0.301,19.867,1.763,0.083,0.176,0.489,25.333,0.016,0.265,0.0,0.36,4.0,0.471,0.387
0.4,5.0,7,0.936,0.021,0.043,0.302,20.033,1.9,0.087,0.189,0.516,25.0,0.023,0.257,0.0,0.344,4.333,0.46,0.39
0.4,5.0,14,0.936,0.021,0.043,0.302,20.033,1.9,0.087,0.189,0.516,25.0,0.023,0.257,0.0,0.344,4.333,0.46,0.39
0.4,5.0,28,0.937,0.022,0.041,0.301,19.867,1.763,0.083,0.176,0.489,25.333,0.016,0.265,0.0,0.36,4.0,0.471,0.387
