n_hi,n_lo,trough,tiny,overfull,passive,meansize,fis,fus,conn14,conn30,med_days,exh_occ,exh_lur,exh_act,tm_expo,excl,gang_win,paid
40,5,0.933,0.038,0.0,0.298,17.5,2.417,0.093,0.188,0.564,25.0,0.016,0.195,0.0,0.249,5.0,1.0,0.385
40,7,0.921,0.023,0.001,0.301,18.8,2.237,0.157,0.219,0.604,22.667,0.025,0.267,0.0,0.337,10.0,1.0,0.388
40,9,0.891,0.037,0.0,0.302,18.233,2.483,0.16,0.178,0.57,23.833,0.042,0.305,0.0,0.278,6.0,1.0,0.379
50,5,0.934,0.045,0.011,0.302,18.4,1.97,0.05,0.212,0.538,24.333,0.014,0.199,0.0,0.356,6.667,1.0,0.39
50,7,0.933,0.021,0.008,0.305,19.3,2.133,0.17,0.154,0.509,26.0,0.027,0.225,0.0,0.36,5.667,0.944,0.392
50,9,0.898,0.029,0.008,0.301,19.667,2.277,0.11,0.176,0.531,24.667,0.028,0.301,0.0,0.297,4.0,1.0,0.378
60,5,0.942,0.039,0.046,0.305,18.567,1.58,0.16,0.163,0.491,25.0,0.017,0.224,0.0,0.372,10.0,0.917,0.393
60,7,0.937,0.019,0.044,0.302,20.3,1.957,0.233,0.188,0.501,25.0,0.023,0.243,0.0,0.353,4.0,0.944,0.39
60,9,0.906,0.026,0.05,0.295,20.667,1.94,0.207,0.159,0.465,25.667,0.03,0.293,0.0,0.262,3.0,0.933,0.371
75,5,0.954,0.041,0.109,0.301,19.033,1.357,0.027,0.125,0.449,26.0,0.009,0.206,0.0,0.339,6.667,1.0,0.392
75,7,0.934,0.032,0.118,0.298,20.0,1.447,0.087,0.122,0.447,27.667,0.033,0.24,0.0,0.352,3.333,0.925,0.38
75,9,0.915,0.033,0.129,0.3,21.067,1.633,0.113,0.152,0.47,25.667,0.03,0.315,0.0,0.303,3.667,0.952,0.378
